Company,Position,Connected On
Carnegie Mellon University,Research Assistant,28 Dec 2021
Motion Recruitment,Senior Talent Advisor,08 Dec 2021
Lucas James Talent Partners,Sourcing Specialist,07 Dec 2021
Franchise Advisory Network,Franchise Talent Acquisition,02 Dec 2021
Edmunds,Lead Analyst,01 Dec 2021
Harvard Business School Executive Education,Associate Faculty & Researcher at Harvard Business School Executive Education and Harvard Health,30 Nov 2021
PFM,Environmental Finance Group | Senior Managing Consultant (Advisory),20 Nov 2021
"ARNOLD S. WARWICK & CO., LTD.",Assistant Property Manager,18 Nov 2021
Apple,Specialist,17 Nov 2021
Slalom,Talent Acquisition Manager,15 Nov 2021
Slalom,Business Intelligence Developer,12 Nov 2021
Slalom,"Senior Manager, Global Business Enablement",12 Nov 2021
Leaf Group,"Frontend Engineer - Product, Saatchi Art",10 Nov 2021
Slalom,Talent Acquisition Manager,06 Nov 2021
Slalom,Director of Financial Planning and Analysis,04 Nov 2021
Slalom,Financial Analyst,04 Nov 2021
Slalom,Senior Data Analyst,27 Oct 2021
GeoJunxion BV,Data Scientist,27 Oct 2021
Cryptoroots,Executive trader,27 Oct 2021
Caltech,Research Technician Assistant ,19 Oct 2021
Eleven Recruiting,Lead Technical Recruiter,15 Oct 2021
Scripps College,Senior Outreach Coordinator,13 Oct 2021
Slalom,Senior Financial Analyst,12 Oct 2021
One Community LLC,"Coordinator, Office of the CEO ",09 Oct 2021
Democratic National Committee,Voter Protection & Insights Analyst,09 Oct 2021
Watershed,Carbon Data Analyst,08 Oct 2021
Payden & Rygel,Emerging Markets Portfolio Analyst,08 Oct 2021
CCS Fundraising,"AVP, Data Analytics & Insights ",06 Oct 2021
The NPD Group,Recruitment Operations Manager,06 Oct 2021
ASP- Staffing,Executive Recruiter,06 Oct 2021
CCS Fundraising,Data Analyst,04 Oct 2021
Saggezza,Senior Recruiter,04 Oct 2021
Atlantic Health System,Summer Intern,02 Oct 2021
VotingSmarter,Founder/CEO,30 Sep 2021
JusticeCorps Los Angeles,JusticeCorps Graduate Fellow,28 Sep 2021
West 10G Productions,CEO/President,27 Sep 2021
Self-employed,Visual Artist,25 Sep 2021
Federal Reserve Bank of New York,Senior Research Analyst,25 Sep 2021
Democratic National Committee,"Analytics Lead, DNC Programs",24 Sep 2021
Freelancer.com,Certification Specialist,22 Sep 2021
University of Florida,Research Assistant,22 Sep 2021
Democratic National Committee,Senior Fundraising Analyst,21 Sep 2021
Amazon Web Services (AWS),Event Coordinator,20 Sep 2021
Flexton Inc.,Senior Recruiter ,17 Sep 2021
Collabera Inc.,Senior Talent Development Expert,14 Sep 2021
Univision Communications Inc.,Senior Accountant,14 Sep 2021
Taoti Creative,Art Director,13 Sep 2021
8x8,Business Development Representative,10 Sep 2021
Meta,Incoming FBU Engineering Intern,30 Aug 2021
Dockett Ellis Consulting,Founder and Chief Problem Solver,30 Aug 2021
Netflix,Model designer,26 Aug 2021
CCS Fundraising,Senior Vice President,24 Aug 2021
Microsoft,Software Engineer,23 Aug 2021
Blend,Business Development Growth Manager,20 Aug 2021
Iterable,Senior Accountant,19 Aug 2021
Pomona College Black Student Union,Co-Founder,18 Aug 2021
Blueprint Schools Network,Mathematics Teacher,18 Aug 2021
Hirefuel,Recruiter,17 Aug 2021
HireFuel,President,17 Aug 2021
"Milestone Technologies, Inc.",Senior Technical Recruiter,17 Aug 2021
BDG,Account Manager,17 Aug 2021
TransUnion,Sales | Financial Services: Financial Technology Solutions,12 Aug 2021
One Medical,Recruiting Operations Manager,12 Aug 2021
Blend,Organizational Effectiveness  (Sr. Lead),12 Aug 2021
Career Movement,Practice Manager/Technical Recruiter,09 Aug 2021
Blend,"Head of Diversity, Inclusion & Belonging",05 Aug 2021
Johnson Controls,Fire alarm inspector,04 Aug 2021
Blend,Product Marketing,04 Aug 2021
Excell Financial Services,Snr Scrum Master,29 Jul 2021
IT INC - Data and Analytics Engineering Recruitment. ,Managing Director - Analytics and Data Engineering Recruitment Services,29 Jul 2021
AXGlobal,Business Owner,29 Jul 2021
Goldman Sachs,Senior Associate,29 Jul 2021
Blend,Revenue Accounting,29 Jul 2021
Blend,Deal Strategist,22 Jul 2021
Blend,A/R and Revenue Accountant,20 Jul 2021
Salesforce,Senior Technical Program Manager,17 Jul 2021
Guggenheim Partners,Incoming Investment Banking Analyst,15 Jul 2021
Blend,Training Support Specialist,15 Jul 2021
Blend,Software Quality Assurance Engineer,07 Jul 2021
Blend,Senior Software Engineer,07 Jul 2021
Blend,Technical Recruiter (IC4),07 Jul 2021
Blend,Customer Enablement Associate ,07 Jul 2021
Blend,Talent Acquisition,07 Jul 2021
Blend,Marketing Operations Lead,23 Jun 2021
Blend,Finance Intern,23 Jun 2021
Drata,Sr. Program Manager,20 Jun 2021
Blend,Software Engineer,19 Jun 2021
Blend,"Talent Sourcer, GTM Recruiting",17 Jun 2021
Blend,Technical Recruiter,17 Jun 2021
Blend,Strategic Sourcing,17 Jun 2021
Blend,"Diversity and Belonging Partner, EPD",17 Jun 2021
Blend,Software Engineer,17 Jun 2021
Blend,Security Analyst,16 Jun 2021
Blend,Human Resources Information System Analyst,15 Jun 2021
Ares Management Corporation,Associate,11 Jun 2021
Blend,"Recruitment Leader | Engineering, Product & Design",10 Jun 2021
Blend,Software Engineer,10 Jun 2021
City of Newark,Code Enforcement Officer,09 Jun 2021
G4S,Security Guard,09 Jun 2021
Blend,Head Of Finance,08 Jun 2021
Black Rocket Productions,Hybrid Instructor,03 Jun 2021
Blend,Sales Engineer,02 Jun 2021
Blend,Head of Sales & Account Management ,31 May 2021
Blend,Business Development,27 May 2021
Blend,"Group Manager, Integrations",27 May 2021
Blend,"Group Manager, Delivery",27 May 2021
Career Movement,Technical Recruiter,26 May 2021
Blend,Sales Operations Manager,26 May 2021
Graphite Group,Associate Consultant,19 May 2021
Blend,"Demand Generation Lead, Consumer Banking",18 May 2021
Blend,Salesforce Administrator,17 May 2021
The University of Chicago Urban Education Institute,Chief College Officer,17 May 2021
Blend,Head of Consumer Banking,15 May 2021
Blend,Enterprise Customer Success Manager,14 May 2021
Blend,Data Analyst,11 May 2021
Blend,Analytics Engineer,11 May 2021
Blend,Strategic Operations,10 May 2021
Product Teacher,Founder,08 May 2021
Portland Parks & Recreation,Crew Leader ,07 May 2021
Blend,Revenue Operations Analyst,06 May 2021
Blend,Deal Desk Analyst,06 May 2021
Blend,Finance & Strategy,06 May 2021
Blend,Product Finance & Strategy,06 May 2021
Blend,Financial Planning and Analysis,05 May 2021
Blend,"Manager, Strategic Finance",05 May 2021
Blend,Product Finance & Strategy,05 May 2021
Ares Management Corporation,"Principal, Human Resources",01 May 2021
HOVER Inc.,Recruitment Coordinator,29 Apr 2021
2U,Career Coach,28 Apr 2021
HOVER Inc.,"Recruiting, Sales + GTM",27 Apr 2021
HOVER Inc.,"Senior Customer Enablement Manager, HOVER",27 Apr 2021
HOVER Inc.,Software Engineer,26 Apr 2021
California State Polytechnic University-Pomona,"Senior Coordinator, Male Success Initiatives",24 Apr 2021
AG Thrive,"Founder and President of AG Thrive Pschological Consultation, Inc.",23 Apr 2021
HOVER Inc.,Senior Software Engineer,23 Apr 2021
HOVER Inc.,Senior National Account Executive,23 Apr 2021
Wild Health,"VP, Healthcare SaaS",22 Apr 2021
Berkeley College,Academic Advisor,17 Apr 2021
Etekcity,UX Researcher,10 Apr 2021
The Davis Companies,Sr. Technical Recruiter,09 Apr 2021
Saatchi & Saatchi (We Are Saatchi),Analytics Manager,09 Apr 2021
Saatchi & Saatchi,Analytics Supervisor,09 Apr 2021
Career Movement,Senior Associate,09 Apr 2021
Below The Surface HQ,Chief Operating Officer,09 Apr 2021
The Economist,"Editor, Branded Content ",08 Apr 2021
Knwna,Founder,05 Apr 2021
JP Express Service Inc,Inbound Supervisor,03 Apr 2021
Robert Half,Practice Director - Finance & Accounting ,01 Apr 2021
BreakLine Education,"Manager, Customer Success",30 Mar 2021
ACLU,Data Engineer,30 Mar 2021
Whatnot,Director of Strategic Finance,30 Mar 2021
Consumer Financial Protection Bureau,Data Engineering Team Lead,29 Mar 2021
ReliaQuest,Security Analyst at ReliaQuest,29 Mar 2021
BreakLine Education,"Director, BreakLine Apex",27 Mar 2021
Pioneer Natural Resources Company,Project Manager,26 Mar 2021
Voilà ,Managing Partner (Founder),26 Mar 2021
Global Alumni,Teaching Assistant,25 Mar 2021
BreakLine Education,Customer Success Manager,24 Mar 2021
Daversa Partners,Associate,23 Mar 2021
School-to-School International,Technical Manager,23 Mar 2021
Anayas Solutions,"Executive Search Consultant,  specializing in Engineering, IT,  Data Analytics and C-Suite",23 Mar 2021
EASE Inc.,Business Development Representative,22 Mar 2021
Tribal,Co-founder & President,21 Mar 2021
BreakLine Education,Director of Storytelling,19 Mar 2021
Tribal,Sr. Product Designer,18 Mar 2021
BreakLine Education,Director of Admissions,18 Mar 2021
TIBCO,Business Development Executive,15 Mar 2021
Airbnb,Short Term Vacation Rental Owner/Operator,15 Mar 2021
Tata Consultancy Services,Analyst- Data Services,15 Mar 2021
Immigrant Justice Corps,Community Fellow,15 Mar 2021
Initiate Justice,Grants & Compliance Manager,12 Mar 2021
Zendesk,"Global Diversity, Equity & Inclusion Manager",12 Mar 2021
Zendesk,Software Engineer - Customer Experience Dev,12 Mar 2021
Zendesk,Senior DEI Global Events Specialist,12 Mar 2021
BreakLine Education,Founder + CEO,12 Mar 2021
BreakLine Education,Customer Success Manager,11 Mar 2021
A. Solomon Recruits (ASR) ,President,08 Mar 2021
Blend,HR Business Partner,06 Mar 2021
YouTube,Inclusivity Program Manager,05 Mar 2021
Microsoft,"Principal Program Manager, Azure Special Capabilities, Infrastructure & Innovation (ASCII)",05 Mar 2021
BreakLine Education,Participant,05 Mar 2021
Confluent,Enterprise SDR Team Lead,05 Mar 2021
"TriLinc Global, LLC",Human Resources Director,05 Mar 2021
WME (William Morris Endeavor),Music Central,05 Mar 2021
Las Americas Immigrant Advocacy Center,Paralegal - Removal Defense,04 Mar 2021
U.S. Navy Reserve,Lieutenant Commander,04 Mar 2021
Slalom,Senior Consultant,03 Mar 2021
People.ai,Customer Success Manager,03 Mar 2021
EDP Renewables,Origination Associate,02 Mar 2021
Chubb,"Vice President, Global Claims Programs and Global PMO",02 Mar 2021
NVIDIA,Marketing Campaign Manager,02 Mar 2021
NewAperio,Junior Developer,02 Mar 2021
Amplitude,Product Analytics Consultant,02 Mar 2021
Meta,Ecosystems Process Manager,02 Mar 2021
Morgan Stanley,"Associate, Strategist",02 Mar 2021
Rightpoint,Senior Interaction Designer,02 Mar 2021
Elias Law Group,Managing Partner,02 Mar 2021
Meta,Project Manager,02 Mar 2021
Workday,Program Manager / Product Operations Manager,02 Mar 2021
Meta,Data Analytics & Automation Manager,02 Mar 2021
NBA G League,NBA G League Ignite Team Operations Manager,02 Mar 2021
PayPal,Engineering Program Manager,02 Mar 2021
KPMG US,Strategy Manager,02 Mar 2021
United States Marine Corps,Technical Program Manager,02 Mar 2021
Air National Guard,Intelligence Weapons Officer,02 Mar 2021
Confluent,User Success at Confluent | Setting Data In Motion,02 Mar 2021
Dorilton,Senior Cyber Security Auditor,01 Mar 2021
Ingersoll Rand,Sales Application Engineer,01 Mar 2021
BreakLine Education,Director of Advancement,01 Mar 2021
BreakLine Education,Director of Program Operations & Experience,01 Mar 2021
Skylight,Product Designer,01 Mar 2021
US Army,Program Manager,01 Mar 2021
Meta,"Project Manager, Trust & Safety",01 Mar 2021
Primer.ai,Sales Business Development,01 Mar 2021
Walmart eCommerce,Strategic Account Manager (US Marketplace),01 Mar 2021
Turntide Technologies,Product Operations Manager,01 Mar 2021
IEQ Capital,Associate Director,01 Mar 2021
Pacific Executive Search,"Director, Executive Search",26 Feb 2021
Daywalker,Freelance Artist,23 Feb 2021
Up&Up,Capital Markets Associate,23 Feb 2021
Lehigh University,Graduate Research Assistant,22 Feb 2021
Indian Institute of Management Ahmedabad,"Batch Representative, PGPX 2021-22",17 Feb 2021
EffinFunny Productions,Post Production Coordinator,15 Feb 2021
Pacific Links Foundation,Program Specialist,15 Feb 2021
Dotcom Distribution,Operation Analyst,14 Feb 2021
JPMorgan Chase & Co.,Investment Banking Analyst,13 Feb 2021
GoHealth,Manager Strategic Partnerships,11 Feb 2021
BreakLine Education,Director of Customer Success,11 Feb 2021
Slalom,Talent Acquistion Analyst ,11 Feb 2021
Dramatic Results®️,Program Coordinator,11 Feb 2021
Oakland Promise,Associate Manager,09 Feb 2021
"Campus Scout, LLC",Founder and Chief Executive Officer,07 Feb 2021
Bristol Myers Squibb,Engineering Technician,05 Feb 2021
Robinhood,Recruiter,04 Feb 2021
Amplify,"Operations Specialist, CKLA/ELA",03 Feb 2021
Southwest Tennessee Community College,Enrollment Specialist,03 Feb 2021
International Human Rights Art Festival,Director Of Operations,02 Feb 2021
Inclusive Reality LLC,Managing Director | Inclusive Reality,02 Feb 2021
LI & MO,Founder,02 Feb 2021
Nubitz,Founder & CEO,02 Feb 2021
Beachbody,Brand Coordinator,01 Feb 2021
"Cloudflare, Inc.",Business Operations & Strategy,27 Jan 2021
Greenhouse Software,SDR,26 Jan 2021
"P.J. Sipsas, LLC",Principal,26 Jan 2021
"We All Rise, LLC",Co-Founder,26 Jan 2021
Zendesk,Account Executive,26 Jan 2021
JVS SoCal,Grants Development Specialist,26 Jan 2021
University of Washington,Graduate Student Researcher,26 Jan 2021
The Fulbright Program,English Teaching Assistant,24 Jan 2021
Commonfund,Sr. RFP Writer,22 Jan 2021
Jensen Partners,Head of DiversityMetrics™,21 Jan 2021
ScribeAmerica,Scribe,21 Jan 2021
Uber,"Program Manager, Escalations Strategy",20 Jan 2021
Tenant Advocacy Project,Student Advocate,20 Jan 2021
Highspot,Customer Advocacy Marketing Intern,20 Jan 2021
"NorthStar Anesthesia, P.A.","Vice President, Operations",19 Jan 2021
The Ivri Group,Agent Assistant ,19 Jan 2021
"SMBC Nikko Securities America, Inc.",Vice President,15 Jan 2021
"Rouse Services, LLC",Director Of Client Services,08 Jan 2021
Shanrock Partners,"Co-Founder, Partner",04 Jan 2021
LT Executive Search,Vice President,04 Jan 2021
DĮRTY LĀWNDRY,Founder,23 Dec 2020
"Anthem, Inc.",Actuarial Analyst II,15 Dec 2020
SEFCU,Card Operations Manager,15 Dec 2020
"Hire Options, Inc.",Recruiting Manager,11 Dec 2020
Grassbridge LLC,Executive Recruiter Grassbridge,10 Dec 2020
Wanted,Talent Success Manager,29 Nov 2020
Hammer Haley,Managing Partner,25 Nov 2020
KKR & Co. Inc.,Leveraged Credit Analyst,24 Nov 2020
Solugenix,Strategic Client Executive,24 Nov 2020
"Lighthouse Neuropsychology, PLLC",Neuropsychology Assessment Assistant ,24 Nov 2020
Pomona College,Alumni Career Services/Assistant Director of Career Development,16 Nov 2020
Amazon,Area Manager II,16 Nov 2020
AltaMed Health Services,Southeast Los Angeles Regional Coordinator,10 Nov 2020
Kai Keevil's Gardening Company,Freelance Landscaper,05 Nov 2020
"Ocean Avenue Capital Partners, L.P.",Private Equity Analyst,04 Nov 2020
Esri,Product Engineer-Writer ,02 Nov 2020
Impact Advisors,Consultant,02 Nov 2020
Accenture,Manager Management Consulting,02 Nov 2020
project44,Customer Support Analyst,31 Oct 2020
Scoular,Talent Acquisition Manager,26 Oct 2020
Epic,Technical Services Manager,26 Oct 2020
Avema Pharma Solutions,Analytical Scientist I,26 Oct 2020
Morgan Stanley,"Managing Director, Head of Pensions, Endowments, Foundations & Multi-Asset",23 Oct 2020
Scripps College,Admissions Ambassador,15 Oct 2020
Pomona College,Commissioner of Campus Events ,15 Oct 2020
"Sound Point Capital Management, LP",Operations Associate,13 Oct 2020
Suvoda,Associate Project Manager,11 Oct 2020
"Ramsey Jay Jr And Associates, Inc.",Principal,10 Oct 2020
Mint Mobile,Technical Recruiter,10 Oct 2020
Scout Recruiting Group,"Accounting, Finance & Investment Banking Recruiter",08 Oct 2020
QX-Financial,CEO & Founder,08 Oct 2020
The California Endowment,Board Member,04 Oct 2020
Ares Management L.P.,Service Desk Analyst,30 Sep 2020
Goldman Sachs,"Chief of Staff, M&A; Business Unit Manager, Cross Markets & Financial and Strategic Investors Groups",30 Sep 2020
Beka Finance,Investment Banking Analyst,29 Sep 2020
ThoughtWorks,Software Developer,29 Sep 2020
Wpromote,Jr. BI Engineer,27 Sep 2020
"W. W. Norton & Company, Inc.",Editorial Intern,24 Sep 2020
Freelance,"Senior Contract Recruiter (Creative, Mktg, Digital, Tech), Director of Talent & Sourcing Specialist",23 Sep 2020
Coastforward Staffing LLC,Managing Director,23 Sep 2020
AVEVA,Product Support Engineer II,11 Sep 2020
The TCW Group,Investment Professional - Private Credit,11 Sep 2020
Pomona College,George E. and Nancy O. Professor of Economics,09 Sep 2020
"ZapLife, Inc. ",Co-Founder,08 Sep 2020
St. Benedict's Prep,Media Relations/Website Coordinator-Editor,07 Sep 2020
St. Benedict's Prep School,Art Teacher,05 Sep 2020
Memorial Sloan Kettering Cancer Center,"Fellow, Hematology and Oncology",05 Sep 2020
Seton Hall University,Senior Director of Advancement Business Innovations and Operations,05 Sep 2020
Wells Fargo,Compliance Senior Associate (Consumer Finance Law),05 Sep 2020
St.Benedict's Prep,Vice President for Development,05 Sep 2020
National Institute for Student Success,Graduate Research Assistant,05 Sep 2020
Radiance Mental health,Founder,31 Aug 2020
STEAM:CODERS,Executive Director | Founder,28 Aug 2020
Goldman Sachs,Technology Analyst,26 Aug 2020
New Leaf Tree Professionals,Outreach Coordinator,22 Aug 2020
Tripledot Studios,Data Scientist,21 Aug 2020
LinkedIn,Associate Product Manager,21 Aug 2020
PIMCO,"Vice President, Recruiting",21 Aug 2020
NEW MEXICO ASIAN FAMILY CENTER,Executive Director,18 Aug 2020
Stanford Law School,"Research Assistant, Project Coordinator",17 Aug 2020
Affirm,Senior Technical Recruiter,15 Aug 2020
"Intelliswift Software, Inc.",Technical Recruiter,14 Aug 2020
"CarterPierce, LLC",Head of Corporate Recruiting,14 Aug 2020
Rutgers University - Camden,Event Staff Manager,13 Aug 2020
PJT Partners,Investment Banking Summer Analyst,11 Aug 2020
Teach For America,Corps Member,11 Aug 2020
PwC,Central and Eastern Europe Analyst,05 Aug 2020
Ares Management Corporation,Investment Operations Analyst,03 Aug 2020
Sizemore Capital Management,Chief Investment Officer,03 Aug 2020
J.P. Morgan,Client Associate,03 Aug 2020
Harvey Mudd College,Professor of Mathematics,03 Aug 2020
West Coast Financial Jobs,Managing Partner,03 Aug 2020
Inter-American Dialogue,"Intern, Peter D. Bell Rule of Law Program",03 Aug 2020
Stanford University,"Program Director, Secondary Education",03 Aug 2020
Parr3 LLC,Jr Account Manager,02 Aug 2020
Pacific Executive Search,Partner,23 Jul 2020
The Riverside Company,Incoming Private Equity Analyst,23 Jul 2020
Seek Business Capital,Business Intelligence Analyst,22 Jul 2020
"Recruiting Resources, Inc.",Director,22 Jul 2020
Analytic Recruiting,Executive Recruiter,20 Jul 2020
Robert Half,Assistant Vice President,20 Jul 2020
HighWater Search,Founder and Managing Director,12 Jul 2020
Goldman Sachs,Senior Analyst,08 Jul 2020
NHS Herts Valleys Clinical Commissioning Group,Associate Lay Board Member,08 Jul 2020
Mosquito Abatement,Dir. Corporate Communications,04 Jul 2020
St. Benedict's Prep School,"Chairperson, Fine Arts Department; Art Teacher",02 Jul 2020
Glenstone,Emerging Professionals Program Associate,30 Jun 2020
Ares Management Corporation,Partner & Head of Corporate Finance,24 Jun 2020
Ares Management Corporation,"Analyst, Real Estate Debt",23 Jun 2020
Quilt Magazine,Creative Director,19 Jun 2020
Southern Vision Alliance,Communications Coordinator,19 Jun 2020
Pomona Economic Opportunity Center,Fall Intern,10 Jun 2020
The Middlesex Corporation,Field Engineer,09 Jun 2020
The Rally Magazine,Media Critic,09 Jun 2020
JESPY House,Athletic Director,08 Jun 2020
Destructoid Video Game News,Managing Features Editor,04 Jun 2020
Jones Day,Associate,21 May 2020
Aon,Retirement Solutions Specialist,19 May 2020
"Member of Parliament, Senior National Leader",Senior Manager and Campaign Strategist  ,19 May 2020
DWC Enterprise ,Safety Officer at Marion P Thomas Charter School ,07 May 2020
Lake Point Advisory Group,Portfolio Analyst,07 May 2020
"Angel Oak Capital Advisors, LLC",Senior Analyst,02 May 2020
Pearlmark,Associate,27 Apr 2020
PC Solutions,Business Strategy Manager,25 Apr 2020
Leela Studio,"Consultant, Owner",25 Apr 2020
Accenture,Senior Consulting Analyst,22 Apr 2020
Trilogy Education,TA at Columbia University Data Bootcamp,20 Apr 2020
Ares Management Corporation,Associate Vice President,18 Apr 2020
Bristle (YC W21),Research Associate,18 Apr 2020
Goldman Sachs,Regional Head of Global Markets Mgmt & Strategy and Operating Risk at Goldman Sachs,17 Apr 2020
Goldman Sachs,Investment Banking Summer Analyst,17 Apr 2020
RippleMatch,Account-Based Marketing Specialist I,17 Apr 2020
Credit Suisse,Incoming Investment Banking Analyst,17 Apr 2020
Upwork,"Founder President and Managing Director WrycanC, LLC",13 Apr 2020
"Ares Management, L.P.",Executive Assistant,07 Apr 2020
Atar Capital,Associate - Private Equity,07 Apr 2020
Goldman Sachs,Senior Analyst,07 Apr 2020
Teach For America,Middle School Science Teacher,07 Apr 2020
Villanova University,Admissions Assistant,31 Mar 2020
Rapid7,Senior Security Engineer,31 Mar 2020
Goldman Sachs,Associate,29 Mar 2020
Pomona College ,Undergraduate Student Researcher,25 Mar 2020
Harvard T.H. Chan School of Public Health,"Fellow @ the Office of Diversity, Inclusion, and Belonging ",25 Mar 2020
New Jersey Cedar Stars Academy (NJCSA),Business Assistant,17 Mar 2020
Mielle Organics LLC,Accountant 1,16 Mar 2020
National Science Foundation (NSF),Institutional math reseacher,11 Mar 2020
MBTA,UX Designer,10 Mar 2020
Goldman Sachs,Credit Risk Analyst,10 Mar 2020
Goldman Sachs,Chief Of Staff,07 Mar 2020
University of Maryland,Teaching Assistant,07 Mar 2020
Goldman Sachs,Middle Office,06 Mar 2020
University of Portland,DegreeWorks Specialist,05 Mar 2020
Goldman Sachs,Senior Associate,05 Mar 2020
"Shopkick, a Trax Company",Senior Sales Planner,04 Mar 2020
Goldman Sachs,Vice President - Global IBD Agency Operations,04 Mar 2020
Goldman Sachs,Associate,04 Mar 2020
AT&T,Senior Project Program Manager,02 Mar 2020
Guaranteed Rate,Sr Process Engineer,27 Feb 2020
Goldman Sachs,Associate,27 Feb 2020
Goldman Sachs,Managing Director,26 Feb 2020
Goldman Sachs,Vice President - Human Capital Management,26 Feb 2020
Goldman Sachs,Associate,24 Feb 2020
"Uber, Lyft, Amazon Flex",Transportation Specialist (Rideshare/Delivery),24 Feb 2020
Goldman Sachs,Analyst,24 Feb 2020
Goldman Sachs,Vice President,24 Feb 2020
AMIP Management,Transaction Manager,24 Feb 2020
Goldman Sachs,Senior Analyst,24 Feb 2020
Goldman Sachs,Associate- Loans Middle Office,23 Feb 2020
Goldman Sachs,Financial Analyst,23 Feb 2020
Goldman Sachs,Global Markets Division Senior Analyst,23 Feb 2020
Goldman Sachs,Financial Analyst,22 Feb 2020
Citi,Vice President - CTI Global Product Management  Branch,22 Feb 2020
U.S. Court of Appeals for the Armed Forces,Judicial Law Clerk,19 Feb 2020
The Posse Foundation,Trainer,18 Feb 2020
Snap Inc.,Engineering Data Scientist ,18 Feb 2020
St. Benedict's prep,teacher/Coach,17 Feb 2020
GTT Management,Accounting Bookkeeper,15 Feb 2020
TPG,Compliance Manager,15 Feb 2020
Goldman Sachs,Vice President,15 Feb 2020
Goldman Sachs,Project Manager,15 Feb 2020
Goldman Sachs,Chief of Staff ,15 Feb 2020
Goldman Sachs,Vice President,14 Feb 2020
Goldman Sachs,Guest Services Specialist,14 Feb 2020
Goldman Sachs,Senior Analyst,14 Feb 2020
Rapid7,Senior Cloud Optimization Manager,14 Feb 2020
TPG,"Senior Associate, Growth and Rise Portfolio Management",14 Feb 2020
Goldman Sachs Ayco Personal Financial Management,Relationship Manager,14 Feb 2020
Goldman Sachs,Global Lending Controllers,14 Feb 2020
Boston Consulting Group (BCG),Summer Consultant,14 Feb 2020
PepsiCo,Supply Chain Senior Analyst,14 Feb 2020
Loftwall,Director of Finance,14 Feb 2020
Sensory Interactive,Associate - Project Finance,14 Feb 2020
Topstep,Corporate Development Analyst,14 Feb 2020
Goldman Sachs,Associate,14 Feb 2020
Goldman Sachs,Associate,14 Feb 2020
Goldman Sachs,PFI (Principal Funding and Investment) Analyst,13 Feb 2020
Goldman Sachs,Sr. Associate,13 Feb 2020
Merrill Lynch,Financial Solutions Advisor ,13 Feb 2020
Goldman Sachs,Associate,13 Feb 2020
Goldman Sachs,Senior Analyst,13 Feb 2020
Goldman Sachs,"Vice President, Global Compliance Division",13 Feb 2020
General Motors,Corporate Product Development,13 Feb 2020
Guidehouse,Consultant,13 Feb 2020
KPMG US,Advisory Associate - Customer & Operations,13 Feb 2020
Wilhelmsen group,Business Transformation Consultant,12 Feb 2020
Goldman Sachs,Investment Banking Associate,12 Feb 2020
Goldman Sachs,Senior Analyst,12 Feb 2020
JPMorgan Chase & Co.,Vice President,12 Feb 2020
Goldman Sachs,Analyst - Investment Banking,12 Feb 2020
The Container Store,Business Intelligence Manager,12 Feb 2020
Wells Fargo,Assistant Vice President - U.S. Trade Services,12 Feb 2020
Goldman Sachs,Associate,12 Feb 2020
Goldman Sachs,Senior Analyst,12 Feb 2020
Deloitte,Senior Consultant,12 Feb 2020
Goldman Sachs,Senior Associate,12 Feb 2020
Goldman Sachs,Operations Analyst,12 Feb 2020
Flat River Group,Software Engineer,12 Feb 2020
Goldman Sachs,Associate,12 Feb 2020
Goldman Sachs,Investment Banking Analyst,12 Feb 2020
Goldman Sachs,Investment Banking Analyst,12 Feb 2020
Skyview Group,Operations,12 Feb 2020
Goldman Sachs,Senior Analyst,11 Feb 2020
Ares Management Corporation,Investment Operations Associate,10 Feb 2020
Goldman Sachs,Vice President,10 Feb 2020
Goldman Sachs,Associate Team Lead - Corporate Loan Servicing,10 Feb 2020
Goldman Sachs,Corporate Treasury Analyst,10 Feb 2020
Physicians for Social Responsibility,Program Associate,09 Feb 2020
U.S. House of Representatives,Legislative Intern,09 Feb 2020
Goldman Sachs,"Vice President, Private Wealth Management",08 Feb 2020
Trove Finance,Co-Founder & Chief Operating Officer,07 Feb 2020
CBRE,Senior Director | Global Finance Platform,07 Feb 2020
Ares Management Corporation,Principal,07 Feb 2020
Churchill Asset Management,"Principal, Head of Operations",07 Feb 2020
Amazon Web Services (AWS),Pricing Operations Specialist,07 Feb 2020
Dorian Electra,Videographer and Video Editor,07 Feb 2020
J.P. Morgan,"Credit Analyst, Public Finance",06 Feb 2020
Zions Bancorporation,Lead MDM Business/Data Systems Analyst ,04 Feb 2020
FIRST Washington,Director Of Finance And Administration,02 Feb 2020
Goldman Sachs,Client Onboarding Associate,01 Feb 2020
Amazon Logistics,Operations Academy Instructor II,26 Jan 2020
Accenture,Incoming Applied Intelligence Summer Analyst,25 Jan 2020
Saban Capital Group,Recruiter | Human Resources,23 Jan 2020
Northwestern Mutual,Financial Advisor,21 Jan 2020
CROSSHARBOR CAPITAL PARTNERS LLC,Associate,17 Jan 2020
Pitzer Investment Society,President,17 Jan 2020
Goldman Sachs,Emerging Markets Trading Strategist ,16 Jan 2020
CHAFFEY JOINT UNION HIGH SCHOOL DISTRICT,Substitute Teacher,13 Jan 2020
Goldman Sachs,Senior Analyst,11 Jan 2020
Texas Instruments,"University Recruiting Manager, HBCU Engagement",11 Jan 2020
Pomona College,"Associate Dean and Director, Draper Center for Community Partnerships",09 Jan 2020
BNY Mellon,Business Analyst,02 Jan 2020
"Landing Point Search Group, LLC",Senior Associate,30 Dec 2019
Keyrus,Tech Sales Analyst,18 Dec 2019
Proofpoint,"Manager, Data Science",18 Dec 2019
Educational Alliance,Lead Teacher,18 Dec 2019
Episode Six,Business Associate,16 Dec 2019
Accenture,Employee Relations Associate Manager,12 Dec 2019
Capital Group,Senior Associate,10 Dec 2019
Sheffield Haworth,"Director, Executive Search - Global Banking & Private Equity/Venture Capital; US Lead for Diversity",07 Dec 2019
Guidepoint,Associate,07 Dec 2019
Planisware,Associate Technical Consultant,05 Dec 2019
Goldman Sachs,Associate,30 Nov 2019
Goldman Sachs,Associate,26 Nov 2019
Self Employed,Composer,25 Nov 2019
Goldman Sachs,Consumer Wealth Management Associate - Project Manager,21 Nov 2019
Consultant ,"Consultant, Sales & Hiring",20 Nov 2019
Goldman Sachs,Senior Analyst,20 Nov 2019
Goldman Sachs,Vice President,17 Nov 2019
Goldman Sachs,Vice President,17 Nov 2019
Kennametal,Operations Analyst,14 Nov 2019
Facebook,Process Specialist,10 Nov 2019
Trust for America's Health,Senior Government Relations Manager,10 Nov 2019
Aon,Senior Associate Consultant,10 Nov 2019
ZeroGap (zerogap.co),President: Leadership Strategy & Training Development,09 Nov 2019
Boston College Law School,J.D. Candidate,08 Nov 2019
H&M,Sales Associate,06 Nov 2019
Pitzer College Office of Advancement,Annual Givings Associate,30 Oct 2019
Goldman Sachs,Associate - Loan Operations,30 Oct 2019
UPS,Part-Time Hub Supervisor,30 Oct 2019
Citadel,Recruiting Operations,30 Oct 2019
University of Central Florida,Lockheed Martin CWEP Participant,30 Oct 2019
Dimensional Fund Advisors,"Associate Trader, Fixed Income",25 Oct 2019
Miami Herald,Miami Herald Esserman Investigative Fellow,28 Sep 2019
Headspace Inc.,Content Creator,27 Sep 2019
Goldman Sachs,Senior Associate,18 Sep 2019
Children's Hospital of Philadelphia,Registered Nurse,18 Sep 2019
Capital One,Associate,05 Sep 2019
Goldman Sachs,Associate,31 Aug 2019
Urban Science,Consultant,28 Aug 2019
Citi,"Intern, Venture Investing, Citi Ventures",25 Aug 2019
VIPKid,EFL Teacher ,23 Aug 2019
Crimson Education,Financial Aid Consultant,21 Aug 2019
Strategy& (Part of the PwC Network),Experienced Strategy Associate,18 Aug 2019
Self-Employed,Options Trader,16 Aug 2019
Goldman Sachs,"Associate - CWM, Private Bank Mortgage Lending",01 Aug 2019
Chicago Project on Security and Threats,Research Assistant,01 Aug 2019
Goldman Sachs,Associate,01 Aug 2019
Next-Generation Intellects,Founder,26 Jul 2019
Heal the Bay,Remote Policy Intern,25 Jul 2019
Goldman Sachs,Associate,15 Jul 2019
Freelance,Google Adwords Specialist,11 Jul 2019
City of Hope,Clinical Research Assistant,09 Jul 2019
RSA Geotechnical Lab,Engineering Technician,09 Jul 2019
Pomona College,Head Writing Partner,09 Jul 2019
CalMatters,Economy Reporter,06 Jul 2019
Goldman Sachs,Associate,04 Jul 2019
Campbell Francis Group (CFG),Head Of Finance,02 Jul 2019
Goldman Sachs,Analyst,23 Jun 2019
A24,Associate Producer,23 Jun 2019
Freelance,Freelance Artist,23 Jun 2019
Goldman Sachs,Vice President,23 Jun 2019
Pomona College,Psychology/Africana Studies,23 Jun 2019
Goldman Sachs,Operational Specialist | Senior Associate,18 Jun 2019
Deloitte Consulting,Consultant,14 Jun 2019
Pomona College,Resident Advisor,14 Jun 2019
Moves,Creative Director,14 Jun 2019
Goldman Sachs,Investment Banking Ops Associate,07 Jun 2019
"Western University of Health Sciences, College of Podiatric Medicine","Founding Dean, College of Podiatic Medicine",03 Jun 2019
Goldman Sachs,Associate,01 Jun 2019
"Caliber Home Loans, Inc.","Bulk Desk Trader, Capital Market",08 May 2019
Goldman Sachs,Investment Banking Analyst,04 May 2019
CesiumAstro,Chief of Staff,04 May 2019
Public Defender Service for the District of Columbia,Investigative Specialist,03 May 2019
Raymour & Flanigan Furniture and Mattresses,Home Furnishing Consultant ,03 May 2019
AllianceBernstein,Senior Associate | Associate Officer,03 May 2019
New Jersey Devils,Security Officer,03 May 2019
ArchCity Defenders,Community Collaborations Fellow,03 May 2019
Bellvitge Biomedical Research Institute - IDIBELL,Fulbright Fellow,27 Apr 2019
Microsoft,Product Manager,14 Apr 2019
Sony Music Entertainment,Security Engineer,14 Apr 2019
Connective Leadership Institute,Director Of Program Development,14 Apr 2019
DICK'S Sporting Goods,Senior Financial Analyst,10 Apr 2019
Bank of America Private Bank,Portfolio Manager Senior Associate,05 Apr 2019
Argonne National Laboratory,Research Assistant,05 Apr 2019
Legends Investment Network,Founder,02 Apr 2019
"Roxbury Prep Charter School, Uncommon Schools",English Teacher and DEI Campus Facilitator,02 Apr 2019
Pomona College,Research Assistant - Department of Chemistry,29 Mar 2019
HackerU,Technical Program Manager,22 Mar 2019
PELLE + CO,CEO & Managing Partner Consultant,20 Mar 2019
Wakefern Food Corp.,Clerical Officer,19 Mar 2019
Hopelab,Research Associate,15 Mar 2019
Continued,UX Designer,09 Mar 2019
The Nightingale-Bamford School,English Teacher,04 Mar 2019
Slalom,Business Operations Analyst,25 Feb 2019
St. Benedict's Prep School,Senior Associate Headmaster,24 Feb 2019
The Initium Fund,Senior Quantitative Analyst,24 Feb 2019
American Airlines,Desktop Support Specialist,21 Feb 2019
Goldman Sachs,"Associate, Dallas Engineering Chief of Staff",17 Feb 2019
Goldman Sachs,Associate - Private Wealth Management,17 Feb 2019
The Boyd Initiative,Digital Marketing Trainee,15 Feb 2019
Haworth Marketing + Media,Programmatic Analyst ,13 Feb 2019
"Turner (Turner Broadcasting System, Inc)",Account Coordinator,13 Feb 2019
Scripps College,Associate Professor,12 Feb 2019
Center for Sustainable Energy (CSE),Income Verification Processor,11 Feb 2019
"African Film Festival, Inc.",Project Consultant,10 Feb 2019
Young Musicians Foundation,Program and Administrative Intern,07 Feb 2019
Petal,Product Manager,06 Feb 2019
BlackRock,Analyst,06 Feb 2019
Quad Studios,General Assistant,03 Feb 2019
One Health Labs,Senior Laboratory Technician,03 Feb 2019
U.S. Trade and Development Agency,Intern,03 Feb 2019
Equitable,PEP Assoociate,27 Jan 2019
STARFIRE PRESS,Director,18 Jan 2019
Main Street One,Lead Digital Relational Organizer,15 Jan 2019
Various,"Freelance Features Writer, Music",09 Jan 2019
Bank of America,Incoming Investment Banking Analyst,09 Jan 2019
Lempia Summerfield Katz LLC,Legal Assistant,09 Jan 2019
Strategy&,"Associate at Strategy&, part of the PwC network",09 Jan 2019
VoteTripling.org,Associate,09 Jan 2019
LuvServedDaily Consulting and Training,Founder and CEO,23 Dec 2018
Dottid,Senior Software Engineer,22 Dec 2018
Houston Methodist,Clinical Research Coordinator,22 Dec 2018
Quorum,Customer Success Manager,22 Dec 2018
University of San Diego School of Law,Development & Communications Coordinator,22 Dec 2018
Chipotle Mexican Grill,Takeout Specialist,22 Dec 2018
Strategic Communications and Planning (SCP),Communications Associate,22 Dec 2018
"Obermeyer Wood Investment Counsel, LLLP","Assistant, Client Services and Marketing",22 Dec 2018
"Better Living Real Estate, LLC",Real Estate Agent,22 Dec 2018
Parsons School of Design - The New School,CAD Research Assistant,20 Dec 2018
U.S. House of Representatives,Legislative Correspondent,09 Dec 2018
Black Dragon Capital,Partner,15 Nov 2018
Morgan Stanley,Securitized Sales Analyst,13 Nov 2018
Pomona College,Lab Coordinator,13 Nov 2018
UT Southwestern Medical Center,Labor and Delivery Nurse,13 Nov 2018
Self-employed,Independent Contractor,13 Nov 2018
High Design,Founder,13 Nov 2018
New Teacher Center,"Vice President, Legal & Strategic Advocacy",13 Nov 2018
Vanderbilt University School of Medicine,PHD Student,13 Nov 2018
JPMorgan Chase & Co.,"Associate, Global Trade",09 Nov 2018
Northeastern University,Computer Science Master’s student,07 Nov 2018
Fairview Health Services,Psychiatric Associate,20 Oct 2018
Capella University,Academic Advisor,11 Oct 2018
Crunchbase,Sales Development Representative,03 Oct 2018
USAID Advancing Nutrition,"Project Officer (Monitoring, Evaluation & Learning)",03 Oct 2018
IAC,GEM Full Fellow,21 Sep 2018
Pomona College,Phebe Estelle Spalding Professor of English,05 Sep 2018
Pomona College,Student Liaison for Computer Science,02 Sep 2018
University of Oxford,Graduate Student,02 Sep 2018
Pomona College,Computer Science Teaching Assistant,29 Aug 2018
Self-employed,Working Professional,29 Aug 2018
Denver Food Rescue,Volunteer Manager ,29 Aug 2018
Tangaza Magazine,Editor,29 Aug 2018
Caltech,Director of Undergraduate Admissions,28 Aug 2018
Indiana University Bloomington,Assistant Vice Provost for Student Affairs,26 Aug 2018
Pomona College,Associate Professor of Economics,26 Aug 2018
AV Squad,Music Coordinator,26 Aug 2018
Stevens Cooperative School,Director Of Development,21 Aug 2018
Macy's,Recieving ,20 Aug 2018
Pomona College,Orientation Adventure Leader,19 Aug 2018
US Navy,Military Officer,19 Aug 2018
PIMCO,Associate,13 Aug 2018
Inspectorio,Director of Growth,12 Aug 2018
Michigan State University,American Economics Association Summer Program Alum,11 Aug 2018
Analysis Group,Analyst,10 Aug 2018
Deloitte,"Senior Consultant, Investment Management",10 Aug 2018
Silicon Valley Bank,Senior Analyst,10 Aug 2018
Emmanuel Business School,Customer Relationship Management,10 Aug 2018
Goldman Sachs,Analyst | Private Equity Group,10 Aug 2018
Ethegra Technologies LLC,Head of Data Analytics,08 Aug 2018
Amazon,Area Manager,07 Aug 2018
Capitol Whip,Chief Executive Officer,02 Aug 2018
Yohana,Associate Marketing Manager,01 Aug 2018
Live Your Best Life Inc.,Co-Founder,01 Aug 2018
Lighthouse Creative Group,Junior Content Strategist,28 Jul 2018
Goldman Sachs,Associate,26 Jul 2018
Kimberly-Clark,Process Specialist 3,26 Jul 2018
Pomona College,Resident Advisor,26 Jul 2018
"Cravath, Swaine & Moore LLP",Summer Associate,26 Jul 2018
U.S. Geological Survey (USGS),"Research Assistant for Communication, Education, and Outreach",26 Jul 2018
LinkedIn,LinkedIn,26 Jul 2018
RaSia Khepra Limited Liability Company ,Owner,10 Jul 2018
The Aerospace Corporation,Electro-Optical Sensor Analyst,03 Jul 2018
Global Healthy Living Foundation,Advocacy and Education Intern,20 Jun 2018
Goodwin,Litigation Associate,15 Jun 2018
UnderTheDoormat,Guest Relations Team Member,14 Jun 2018
UCSF Benioff Children's Hospitals,Clinical Research Coordinator III,14 Jun 2018
The Fresh Air Fund,Program Specialist,11 Jun 2018
GR0,Jr. SEO Strategist,09 Jun 2018
Central Square Foundation,"Project Manager, EdTech",02 Jun 2018
"Pomona College, Draper Center for Community Partnerships",Assistant Director for Community Based Research & Learning,31 May 2018
Campbell Hall,Associate Head of Community Engagement,31 May 2018
Tideline,Associate,29 May 2018
@Mx.Chiugo,Founder,29 May 2018
Watson Foundation,Watson Fellow,25 May 2018
self employed- photographer/assistant,Freelance Photographer/ photographer assistant,24 May 2018
Town Sports International,Welcome Team,19 May 2018
College Track,College Access Director,19 May 2018
Homestead,"Project Manager, Business Operations",18 May 2018
Analysis Group,Analyst,18 May 2018
GRID Alternatives ,Outreach Coordinator,18 May 2018
KKR & Co. Inc.,"Leveraged & Distressed Credit, Credit Analyst",07 May 2018
Slalom,Cloud Engineer Consultant,07 May 2018
HSBC,Credit Analyst,07 May 2018
Capella University,Associate Enrollment Counselor,07 May 2018
Carnegie Mellon University,Graduate Teaching Assistant,07 May 2018
JPMorgan Chase & Co.,Business Analyst,07 May 2018
"Avitas, a Baker Hughes venture",Program Manager,04 May 2018
Goldman Sachs,Investment Banking Analyst,22 Apr 2018
Evercore,Evercore ,05 Apr 2018
PitchBook Data,Fund Strategies and Performance Analyst | ESG and Impact Specialist,03 Apr 2018
Other Animals Inc. ,Executive Assistant,02 Apr 2018
Federal Reserve Bank of San Francisco,Office of Regional and Business Engagement Intern,01 Apr 2018
Freelance,Director of FGM Documentary,01 Apr 2018
Tulane University,Adjunct Faculty,30 Mar 2018
Singular Genomics,Research Engineer,30 Mar 2018
The Phoenix Philanthropy Group,Senior Consultant,30 Mar 2018
Hot Sauce Productions,Development Assistant,27 Mar 2018
KIPP Texas Public Schools - San Antonio,Reading Teacher,27 Mar 2018
"LMA Consulting Group, Inc.",Manufacturing & Supply Chain Research Intern,27 Mar 2018
New York Life Insurance Company,Agent,27 Mar 2018
COOP,Data Analytics Apprentice,27 Mar 2018
Baker Electric,Wireman Apprentice,27 Mar 2018
Playa Bowls,Shift Leader,27 Mar 2018
Amazon Logistics,Area Manager,27 Mar 2018
Rock to the Future,Administrative Support ,27 Mar 2018
Visa,Senior Software Engineer,26 Mar 2018
Guild Education,"Senior Consultant, Employer Solutions",26 Mar 2018
Boston University School of Medicine,Research Technician,22 Mar 2018
"Tyvak Nano-Satellite Systems, Inc.",Mission Operations Engineer,22 Mar 2018
NOM [This Is NOM],Senior Client Services Manager,22 Mar 2018
Claremont University Consortium,Peer Health Educator at the Health Education Outreach Center ,17 Mar 2018
Accenture Federal Services,Consultant,19 Feb 2018
Deep End Aquatics Swim Club,Assistant Swim Coach,19 Feb 2018
Federal Reserve Bank of San Francisco,Talent Acquisition and Development- Intern,07 Feb 2018
Canvas Worldwide,"Senior Analyst, SEM",07 Feb 2018
Hutch Kids Child Care Center,Equity & Inclusion Specialist,09 Jan 2018
Engage Miami,Organizer,04 Jan 2018
St. Benedict's Preparatory School,Earth Science/Engineering teacher,01 Jan 2018
Yale University,PHD Student,26 Dec 2017
Lever for Change,Chief Executive Officer,23 Dec 2017
Accenture,Analyst,22 Dec 2017
Rainforest Trust,Latin America Conservation Officer,22 Dec 2017
Education Resource Strategies,Analyst,22 Dec 2017
Hispanic Scholarship Fund,"Manager, Operations",22 Dec 2017
Credit Where Credit Is Due,Research Consultant,22 Dec 2017
CUNY School of Professional Studies,Graduate Student,22 Dec 2017
National LGBT Cancer Network,Project Specialist,22 Dec 2017
Commonfund,Associate,04 Dec 2017
Federal Reserve Bank of San Francisco,Associate Bank Examiner,04 Dec 2017
Corbin's Crusaders,Assistant Coach,04 Dec 2017
CIVIC Financial Services,Account Executive,19 Nov 2017
PubliCola News,Staff Reporter,13 Nov 2017
Glenmede,"Client Service Associate, Portfolio Management",13 Nov 2017
SEO London,Candidate,13 Nov 2017
GE Healthcare,Production Team Leader,02 Nov 2017
Claremont University Consortium,Student Coordinator | The Draper Center for Community Partnerships,26 Oct 2017
Ammon Labs,Medical Laboratory Technologist,26 Oct 2017
University of Maryland,Student Technician,25 Oct 2017
Pomona College Economics Department,Research Head,23 Oct 2017
"Boundless Awareness, LLC",Assistant Facilitator ,23 Oct 2017
Equ@tions INC,Chief Marketing Officer / Assistant Chief Operating Officer,17 Oct 2017
BJ WILKERSON MEM CHILD DEV CEN INC,Paraprofessional,09 Oct 2017
PERTH AMBOY PUBLIC SCHOOLS,School Psychology Intern,09 Oct 2017
HBO,Associate Multicultural Marketing Manager,08 Oct 2017
Office of Black Student Affairs,Alumni Engagement,08 Oct 2017
Deep End Aquatics Swim Club,Assistant Coach,08 Oct 2017
Newbridge Marketing Group,Senior Marketing Manager,08 Oct 2017
Keck Graduate Institute,Graduate App Developer,08 Oct 2017
New Climate Culture,Co-founder and Marketer,08 Oct 2017
Prove,Sales Director,02 Oct 2017
California Institute of Integral Studies,MA Student ,28 Sep 2017
Goldman Sachs,Senior Associate,24 Sep 2017
Goldman Sachs,Associate,21 Sep 2017
Catholic Community Services,Housing Case Manager,21 Sep 2017
Goldman Sachs,Vice President,20 Sep 2017
Northwestern University,Assistant Director - Career Enhancement & Employer Relations,20 Sep 2017
"University of California, San Francisco",Development Analyst,20 Sep 2017
Drake Family Farms Goat Dairy,Cheese Monger,20 Sep 2017
Athletic Scholars Advancement Program,Assistant Director,20 Sep 2017
Barnes & Noble College,Associate,20 Sep 2017
BUILD Chicago,Member Board Of Directors,20 Sep 2017
Marsh,"Chief Operating Officer, North America",13 Sep 2017
Flexport,Associate Product Manager,12 Sep 2017
Fragomen,Business Immigration Analyst ,08 Sep 2017
Wells Fargo,Case Operations Analyst (contract),06 Sep 2017
"Blakely Financial, Inc",Financial Advisor,06 Sep 2017
DSV - Global Transport and Logistics,Senior Data Scientist,06 Sep 2017
Advocate Christ Medical Center,Student Researcher,06 Sep 2017
STALKR-Worldwide,Visual Researcher,06 Sep 2017
Deloitte,Advisory Consultant,01 Sep 2017
California State Polytechnic University-Pomona,Adjunct Professor of Management and Human Resources ,01 Sep 2017
Goldman Sachs,Vice President,01 Sep 2017
Goldman Sachs,Associate,01 Sep 2017
Goldman Sachs,Vice President,30 Aug 2017
Goldman Sachs,Private Markets Investing and Lending- Vice President,30 Aug 2017
J.P. Morgan,Banker Associate,30 Aug 2017
Goldman Sachs,"Senior Vice President, United Capital Integration",30 Aug 2017
MUFG,Senior Fund Accountant,24 Aug 2017
House Committee on Oversight and Government Reform,Professional Staff Member,22 Aug 2017
Goldman Sachs,Operations Vice President,22 Aug 2017
J.P. Morgan,VP - International Onboarding Manager,22 Aug 2017
Northern Trust Corporation,"Regional Director, Goals Driven Wealth Management",21 Aug 2017
Moksha,Chief Operating Officer,20 Aug 2017
Goldman Sachs,Associate,20 Aug 2017
Morgan Stanley,"Executive Director, North America Head of Institutional Client Services",20 Aug 2017
Goldman Sachs,Vice President,20 Aug 2017
Wells Fargo,Senior Vice President: Head of Commercial Banking Pricing Governance  ,20 Aug 2017
Orchard Global,Associate Compliance Officer,19 Aug 2017
Goldman Sachs,Credit Associate,19 Aug 2017
Goldman Sachs,Vice President,19 Aug 2017
Goldman Sachs,Vice President,19 Aug 2017
IHS Markit,Implementation Consulting Associate Director,19 Aug 2017
Goldman Sachs,Vice President Cyber Security,19 Aug 2017
Harris Williams,Investment Banking Analyst,19 Aug 2017
Talking Rain Beverage Company®,Data Scientist,18 Aug 2017
IHS Markit,Implementation Consultant Associate Director,18 Aug 2017
Goldman Sachs,Operations Associate,18 Aug 2017
Citi,Managing Director,18 Aug 2017
Bank of America,Syndicated Closer,18 Aug 2017
Amazon,"National Category Lead/Vendor Manager, Senior Category Manager ► Operations Turnaround ► Full P&L",18 Aug 2017
Goldman Sachs,PWM Associate,18 Aug 2017
Goldman Sachs,Investing & Lending Operations,18 Aug 2017
Goldman Sachs,Analyst,18 Aug 2017
JPMorgan Chase & Co.,Associate,18 Aug 2017
Goldman Sachs,Executive Assistant - Operations,18 Aug 2017
The Armand Hammer United World College,Resident Coordinator and Experiential Educator ,14 Aug 2017
TEAM Education Consulting,Tutor and Intern,14 Aug 2017
Microsoft,FRP Analyst at Microsoft,10 Aug 2017
Beacon Hill Staffing Group,Consultant,10 Aug 2017
Goldman Sachs,Alternative Capital Markets,10 Aug 2017
Bain & Company,Consultant,07 Aug 2017
Greater Boston Interfaith Orgn,Community Organizer,23 Jul 2017
Havas,Social Media Analyst,21 Jul 2017
NetSuite,Account Executive | Consumer Products ,21 Jul 2017
APLA Health,PrEP Navigator,14 Jul 2017
Confirmit,Enterprise Business Development,13 Jul 2017
Accenture,Management Consultant,13 Jul 2017
"Olde Thompson, LLC",Graphic Designer,11 Jul 2017
"University of California, Los Angeles",Research Lab Coordinator,07 Jul 2017
MetroNet,Financial Analyst,07 Jul 2017
J.P. Morgan,Corporate Derivatives Analyst,02 Jul 2017
Accenture,Consultant,02 Jul 2017
In Search of Excellence Podcast,Podcast Host,02 Jul 2017
Cooper & Cooper Real Estate,Partner & Co-Founder,02 Jul 2017
The Steve Fund,Senior Advisor,02 Jul 2017
Claremont McKenna College,Assistant Director Of Career Services,02 Jul 2017
Nuro,Systems Integration Engineer,02 Jul 2017
"U.S. Department of Justice, Antitrust Division",Paralegal Specialist,02 Jul 2017
Climate Resolve,Luskin Intern,02 Jul 2017
Harvard University,Crimson Summer Academy Mentor,02 Jul 2017
Intuit,Senior Software Engineer,02 Jul 2017
Jackson Lewis P.C.,Associate Attorney,19 Jun 2017
J.P. Morgan,Investment Banking Analyst,19 Jun 2017
HACLA,Acquisitions and Development,19 Jun 2017
Travelers,Account Executive,18 Jun 2017
Walker & Dunlop,Senior Analyst,18 Jun 2017
"Hickman Analytics, Inc",Analyst,16 Jun 2017
New York Legal Assistance Group,Paralegal,16 Jun 2017
Scripps College,Overnight and Outreach Co-Coordinator,16 Jun 2017
Clark County School District,Kindergarten Teacher,16 Jun 2017
Accountability Counsel,Law Fellow,05 Jun 2017
Cox Sports Broadcasting,Stage Manager,27 May 2017
Willis Towers Watson,"Lead Associate, North America Sales Operation ",23 May 2017
Story Merchant,Literary Assistant,16 May 2017
Camp Tecumseh,"Coach , Mentor, Camp Counselor",15 May 2017
Goldman Sachs,Vice President,10 May 2017
Independent Security Contractor,Security Manager,10 May 2017
Teach For America,Recruitment Manager,09 May 2017
WIngate Wilderness Therapy,Field Staff,06 Apr 2017
FedEx Services,Warehouse Associate,06 Apr 2017
Wayfair,Selection Specialist,22 Mar 2017
University of Illinois College of Medicine Peoria,Medical Student Researcher,22 Mar 2017
Manifest Network,Network Ministry Associate,20 Mar 2017
Kawasaki Rail Car,Assistant Buyer,15 Mar 2017
IBM,Watson Health Senior Analytic Intern,15 Mar 2017
Uber,Account Specialist III - Outreach Innovation,15 Mar 2017
Broward County Environmental Protection and Growth Management Department,Natural Resources Specialist,06 Mar 2017
NexFirm,Help Desk Support Technician,28 Feb 2017
Birth Partners - UNC Volunteer Doula Program,Birth Doula,27 Feb 2017
The Posse Foundation,Trainer,22 Feb 2017
Crimson Education,Essay Review Team Consultant,22 Feb 2017
City of Seattle,"Project Coordinator, Seattle Center Redevelopment",22 Feb 2017
Pomona College,Professor of Politics,22 Feb 2017
State of New Jersey,Assistant Deputy Public Defender,21 Feb 2017
Google,Product Manager,21 Feb 2017
Law Office of Carteia V. Basnight,Executive Assistant to Managing Partner ,21 Feb 2017
Heritage Meats,Butcher Assistant,21 Feb 2017
Lazurite,Product Engineer,21 Feb 2017
BlackRock,Analyst,21 Feb 2017
City AM,Marketing & Partnerships Manager,05 Feb 2017
Kearns & West,Associate,30 Jan 2017
Robinhood,Business Intelligence Analyst,30 Jan 2017
FRO,Co-Founder,27 Jan 2017
Justin Dixon Etc. ,Designer & Builder,26 Jan 2017
"Audible, Inc.",Data Analyst,24 Jan 2017
Solution Centre Zimbabwe,Business Data Analyst,23 Jan 2017
Bully Pulpit Interactive,Senior Media Buyer,21 Jan 2017
Restoration Builders,Co Founder - Vice President of Capital Markets and Strategic Acquisitions ,21 Jan 2017
Popular Change,Co-Founder - Company Builder,20 Jan 2017
Pomona College,Resident Advisor,20 Jan 2017
U.S. Department of State,Foreign Service Officer,18 Jan 2017
Sequoia Capital,Partner,18 Jan 2017
Northern California Innocence Project (NCIP),Clinical Student,13 Jan 2017
Success Academy Charter Schools,Associate Teacher,11 Jan 2017
Pomona College ,"Executive Board Member, Community Group Leader of Claremont Christian Fellowship",11 Jan 2017
Fragomen,"Diversity, Equity, and Inclusion Committee Member",11 Jan 2017
Tico Fence,Project Manager,11 Jan 2017
TPG,Private Equity Associate,25 Dec 2016
Buxton School,History Teacher,25 Dec 2016
1st Assisant Camera / Gaffer ,Freelance ,17 Dec 2016
University of Washington,"Research Study Coordinator | Stereotypes, Identity, and Belonging Lab",15 Dec 2016
Pomona College Writing Center,Writing Partner,15 Dec 2016
Milk Bar,"Copywriter, Creative",15 Dec 2016
Socrata,Software Engineer Intern,15 Dec 2016
LGND Lifestyle,Co-Founder,03 Dec 2016
UBS,Assistant Market Head,03 Dec 2016
Private Consultancy,Strategic Communications Consultant,03 Dec 2016
The Greenlining Institute,"Summer Associate, Environmental Equity",21 Nov 2016
McLean Hospital,Clinical Research Assistant,21 Nov 2016
"ONE BOWL PRODUCTIONS, LLC","Associate Producer, Assistant Editor (Freelance)",16 Nov 2016
Warp,Developer Experience Engineer,16 Nov 2016
Genentech,Product Development Intern,16 Nov 2016
FedEx Ground,Package Handler,08 Nov 2016
Boston University,Lab Manager,01 Nov 2016
Snowflake Computing,"Account Executive , Israel ",01 Nov 2016
PNC,Institutional Asset Management Analyst ,25 Oct 2016
Project Everyone,"Junior Manager, Business & Climate",25 Oct 2016
Federal Reserve Bank of San Francisco,Associate Examiner,20 Oct 2016
Gallian Firm LLC,Legal Assistant,20 Oct 2016
Ecomilk,Engineer-Programmer,12 Oct 2016
NASA Jet Propulsion Laboratory,Intern | NASA DEVELOP - SSAI,12 Oct 2016
Atlassian,Software Engineer,12 Oct 2016
Epic Games,Production Assistant,12 Oct 2016
CAI,Reliability Engineer,12 Oct 2016
Atlassian,Software Developer,12 Oct 2016
New York Health and Racquet Club,Personal Trainer,12 Oct 2016
Wieden + Kennedy,Account Supervisor,12 Oct 2016
The George Washington Law Review,Notes Editor,29 Sep 2016
PwC,Senior Associate,23 Sep 2016
Aurora School,2/3 Lead Teacher ,16 Sep 2016
UPS,Service Provider,11 Sep 2016
Life Time Inc.,Account Manager,09 Sep 2016
Union township soccer,Director Of Coaching,05 Sep 2016
Bank of the West,Corporate and Commercial Banking Controls & Governance Officer,04 Sep 2016
Freelance,Voice Over Artist,04 Sep 2016
KPMG US,HR Senior Analyst - Global Mobility at KPMG US,24 Aug 2016
Steep Hill,Lab Technician- Lead,23 Aug 2016
Aspen Public Radio,Reporter and Host,22 Aug 2016
MO International LLC,Managing Partner,21 Aug 2016
Twitter,Client Performance Analyst,21 Aug 2016
Draper Center for Community Partnerships,Student Coordinator,21 Aug 2016
Microsoft,Program Manager,21 Aug 2016
Lakeside School,College Counselor,11 Aug 2016
New York-Presbyterian Hospital,Medical Laboratory Scientist,09 Aug 2016
Northwestern University,Research Assistant,07 Aug 2016
Yale University,Postgraduate Research Associate,07 Aug 2016
"Aetna, a CVS Health Company",Java Software Developer,07 Aug 2016
BatesCarey LLP,Reinsurance Paralegal,06 Aug 2016
Thoma Bravo,Private Equity Associate,05 Aug 2016
Colorado Center for Astrodynamics Research,"Satellite Assembly, Integration & Test Engineer",04 Aug 2016
INROADS,Senior Manager,04 Aug 2016
Chan Zuckerberg Biohub,Research Associate,04 Aug 2016
UBS,Trader,04 Aug 2016
Tecnológico de Monterrey Innovation Hub | Mexico-China Center,Director Of International Development,03 Aug 2016
DoorDash,Strategy & Operations Senior Associate,03 Aug 2016
Pasadena City College,Communications Instructor,26 Jul 2016
San Francisco Department of Public Health,Program Development Coordinator,21 Jul 2016
Stanford University,Research Assistant,21 Jul 2016
Goldman Sachs,Global Sustainability and Impact Associate,21 Jul 2016
Cisco Meraki,"Strategy Lead, Product Enablement",18 Jul 2016
Analysis Group,Senior Analyst,17 Jul 2016
St. Benedict's Prep School,Chemistry Teacher,16 Jul 2016
Advanced Neurosurgery Associates,Clinical Research Coordinator,13 Jul 2016
Stanford Law School,Empirical Research Fellow,13 Jul 2016
Los Angeles Department of Water and Power,Civil Engineering Associate I,13 Jul 2016
Citi,"Senior Analyst, Public Sector Group",12 Jul 2016
SecurID,Commercial Account Executive,11 Jul 2016
Global Prairie,Summer Intern,11 Jul 2016
Apple,Financial Analyst,11 Jul 2016
RBC Capital Markets,Treasury Analyst,11 Jul 2016
PNC,Banker,11 Jul 2016
Madison Square Garden Sports Corp.,Membership Experience Executive,11 Jul 2016
Ocean Conservancy,RAY Marine Conservation Fellow,11 Jul 2016
"Cadwalader, Wickersham & Taft LLP",Summer Associate,11 Jul 2016
"Flaunt Fitness, LLC",Dance Teacher,11 Jul 2016
Yale-NUS College,Residential Life Officer,11 Jul 2016
General Mills,Associate Brand Manager Intern,11 Jul 2016
Celgard,Associate Product Development Technician,28 Jun 2016
San Gabriel and Lower Los Angeles Rivers and Mountains Conservancy (RMC),Project Manager,25 Jun 2016
Los Angeles LOMOD Corporation,Jr. Contracts Specialist,24 Jun 2016
"University of California, Riverside",Labor Studies Internship Coordinator,24 Jun 2016
"University of Tennessee, Knoxville",Captain of Minority Enhancement for UT ,24 Jun 2016
AFIRE Chicago,Community Organizer,23 Jun 2016
Waukegan Public Schools,Substitute Teacher,20 Jun 2016
Enterprise Holdings,Management Trainee Program,20 Jun 2016
bp,Northeast Gas Marketing & Origination,20 Jun 2016
Bank of America Private Bank,Private Bank Associate,20 Jun 2016
Amazon,Area Manager,20 Jun 2016
J.P. Morgan,"Vice President, Banker",20 Jun 2016
Elizabeth Ann Clune (Montessori School of Ithaca),Teaching Assistant,19 Jun 2016
Deloitte,Business Technology Analyst,18 Jun 2016
U.S. Department of State,English Teaching Assistant,18 Jun 2016
University of Arkansas for Medical Sciences,"Graduate Student Research Assistant, College of Pharmacy and Division of Radiation Health ",18 Jun 2016
JPMorgan Chase & Co.,Invesment & Client Solutions - Finance & Business Management Analyst,18 Jun 2016
Accenture,Management Consultant,18 Jun 2016
First Republic Private Wealth Management,Vice President And Wealth Manager,18 Jun 2016
Pacific Gas and Electric Company,Senior Sustainability Specialist,14 Jun 2016
JPMorgan Chase & Co.,Prime Finance - Equity Swaps Associate ,13 Jun 2016
Apollo Global Management Inc.,Analyst,12 Jun 2016
Iowa City Community School District,MC Ginsberg Artist,11 Jun 2016
The Fulbright Program,English Teaching Assistant,11 Jun 2016
Lauren Mackler,Curatorial and Editorial Assistant,10 Jun 2016
BlackRock,Scientific Activity Equity Analyst,08 Jun 2016
CVS Health,Strategy & Innovation Senior Consultant,08 Jun 2016
Microsoft,"Business Development, Strategy & Ventures Manager",07 Jun 2016
EY-Parthenon,Associate,07 Jun 2016
Ares Management Corporation,Associate,07 Jun 2016
Nyota Kenya,Chief Executive Officer,07 Jun 2016
ZS,Strategy Insights & Planning Associate Consultant,07 Jun 2016
Rocketship Public Schools,Senior Operations and Compliance Associate,07 Jun 2016
Wells Fargo,"Head of Trade Management and Processing, Private Wealth Management Operations",07 Jun 2016
Grandview Entertainment,Film Rights Coordinator,07 Jun 2016
St. Christopher's Hospital for Children,Researcher & Public Health Scholar,05 Jun 2016
J.P. Morgan,Private Banking Analyst,03 Jun 2016
"Bellwether Asset Management, Inc.",Senior Business Intelligence Developer,03 Jun 2016
Massachusetts Institute of Technology,PhD Candidate in Political Science,03 Jun 2016
Pomona College,"Assistant Director, Annual Giving",03 Jun 2016
Curl IQ,Co-Founder,02 Jun 2016
CJ,Software Engineer 3,02 Jun 2016
Erie Street,Private Equity Associate,02 Jun 2016
Facebook,"Community Escalations Specialist, Risk & Response ",02 Jun 2016
J.P. Morgan,"Institutional FX Sales, Analyst",01 Jun 2016
Google,Software Engineer,01 Jun 2016
Turner & Townsend,Program Management,01 Jun 2016
Capital One,Senior Business Analyst,01 Jun 2016
Goldman Sachs,Investment Banking Associate,01 Jun 2016
DigitalBridge,Associate,31 May 2016
WayUp,Enterprise Account Executive - Partnerships Team,31 May 2016
The Silver Room,Designer + Buyer ,31 May 2016
Accenture,Strategy Consultant,31 May 2016
Microsoft,Product Manager,31 May 2016
Ribbit Capital,Investor,31 May 2016
eclipse,Junior Art Director,31 May 2016
Accenture,Management Consultant,31 May 2016
Columbia University Postbac Premed Student Council,Senior Vice President,31 May 2016
Hustle Fund,Angel Squad Member,30 May 2016
Chaffey College,Adjunct Faculty,30 May 2016
Btech - IT Security for Credit Unions,Network Security Engineer,30 May 2016
Shopify,Software Developer,30 May 2016
EdgeVerve,"Software Associate, Research and Development",30 May 2016
Citadel,Associate,26 May 2016
San Mateo Credit Union,Senior Internal Auditor,21 May 2016
U.S. Securities and Exchange Commission,"Honors Student Extern, Division of Corporation Finance",21 May 2016
Taptap Send,"Manager, Growth",15 May 2016
Avenues: The World School,"Associate Director Of Admissions and Enrollment, Avenues Online",10 May 2016
The Gnoêsis Group,Document Reviewer,09 May 2016
Museum of the African Diaspora,Public Programs Manager ,09 May 2016
Pomona College,"Deputy Director, Career Development Office, Assistant Dean of Students",05 May 2016
Assumption College Plourde Recreation Center,Intramural Staff Supervisor,05 May 2016
"Vertebrae, a Snap Inc. company",Business Development,04 May 2016
Environmental Charter School,Senior Seminar Teacher,04 May 2016
ADP,Property & Casualty Renewal Specalist  ,04 May 2016
Web PR,"Web Designer, Developer, & Project Manager",04 May 2016
Pomona College,Executive Assistant to the Vice President of Admissions and Financial Aid,02 May 2016
Los Angeles Philharmonic,Audience Services Representative,30 Apr 2016
Morgan Stanley,Product Manager,28 Apr 2016
TalkingPoints,Account Executive,27 Apr 2016
Stanford University,China Program Coordinator,27 Apr 2016
Integral Group,Senior Project Coordinator,27 Apr 2016
MidCap Financial,Analyst,18 Apr 2016
Below The Surface HQ,Founder,15 Apr 2016
Envision Education,Director of Mathematics,13 Apr 2016
Natural Resources Defense Council (NRDC),Development Program Assistant,12 Apr 2016
Ruderal,Project Manager,12 Apr 2016
kandelia,Volunteer Coordinator,10 Apr 2016
Chronicle Books,"Assistant Editor, Children's",09 Apr 2016
Golden Pear Funding,Sr. Customer Success Manager - Team Lead,08 Apr 2016
Goldman Sachs,Analyst,07 Apr 2016
Chicago Public Schools,Teacher,07 Apr 2016
Harvard University Graduate School of Design,Research Assistant,07 Apr 2016
Supergoop!,Assistant Social Media Manager,07 Apr 2016
Japanese American Cultural & Community Center,Interim President & CEO,06 Apr 2016
YAPI,Customer Support Team Lead,04 Apr 2016
University of Washington Human Centered Design & Engineering,Graduate Research Assistant,04 Apr 2016
Hyena Prints,Owner,03 Apr 2016
SAP Investments Holding,Executive Manager,02 Apr 2016
HALEYS BEAUTY ,Digital Marketing Manager,02 Apr 2016
Mila - Quebec Artificial Intelligence Institute,PhD Student,02 Apr 2016
Choco,Vendor Partnership Manager,02 Apr 2016
St. Benedict's Prep School,Mathematics Teacher,31 Mar 2016
United Airlines,Ramp Service Employee,31 Mar 2016
Emory Healthcare,Armed Public Safety Officer II,30 Mar 2016
St. Benedict's Prep School,Teacher,25 Mar 2016
Rocket Companies,Product Designer,24 Mar 2016
Pomona College,Associate Dean of Students for Mentoring and Leadership,24 Mar 2016
Self-Employed,Videographer,23 Mar 2016
Art With Impact,Summer Outreach Coordinator,23 Mar 2016
Yeshiva University,Student Union President,23 Mar 2016
"University of California, Santa Cruz",Junior Specialist (Astrophysics),23 Mar 2016
Interscope Records,Marketing Manager ,23 Mar 2016
American Reading Company,Regional Vice President of Academic Design,10 Mar 2016
Coursedog,Product Manager,09 Mar 2016
Allbirds,eCommerce Operations Coordinator ,09 Mar 2016
Adam Lippes,Assistant Designer,09 Mar 2016
Columbia University Irving Medical Center,Research Technician,09 Mar 2016
MacArthur Foundation,"Coordinator, Fellows Program",06 Mar 2016
Ferguson Enterprises,Hvac Outside Sales,05 Mar 2016
Consumer Federation of America,Antitrust Advocacy Associate,24 Feb 2016
FCB Chicago,"Affinity Group Leader, LGBTQIA+",24 Feb 2016
Cybage Software,Head of Product Marketing-Gratifi,24 Feb 2016
Ministerio de Educación del Gobierno de España,Auxiliar de Conversación,24 Feb 2016
CIBC U.S.,Executive Assistant,14 Feb 2016
"Mostafa Osman Architecture & Design, PLLC",Junior Designer,10 Feb 2016
Psychedelic Support,Social Media Manager,09 Feb 2016
Forward,Operations,09 Feb 2016
"University of Miami,  Miller School of Medicine",PHD Candidate,09 Feb 2016
Pomona College,"Manager, Advancement Communications & Events",09 Feb 2016
Wells Fargo Advisors,Financial Advisor,09 Feb 2016
Meta,"Associate Manager, Content Policy (Oversight Board Team)",09 Feb 2016
Pomona College,Post-Baccalaureate Fellow for Educational Outreach,09 Feb 2016
BAWL Construction Cleaning LLC,Vice President and GM,09 Feb 2016
Meralta Films,Development Assistant at Meralta Films / Personal Assistant to Smriti Mundhra,09 Feb 2016
Handshake,Recruiting Operations Lead,09 Feb 2016
Adobe,Machine Learning Engineer,09 Feb 2016
Galaxy Cereal Studios,Game Developer,09 Feb 2016
Pacific Northwest National Laboratory,National Nuclear Security Administration (NNSA) Graduate Program Graduate Fellow,21 Jan 2016
Amity Search Partners,Vice President,16 Jan 2016
Office of Black Student Affairs,Head Mentor,12 Jan 2016
"University of California, Riverside",Teaching Assistant,11 Jan 2016
California Transportation Commission (CTC),Legislation & Finance Analyst,09 Jan 2016
Peace Corps,Community Health Specialist,09 Jan 2016
Pomona College,Professor,08 Jan 2016
"Freelance, self-employed",Freelance Motion Graphic Designer,08 Jan 2016
Stitch Fix,Styling Strategy and Business Operations Manager,07 Jan 2016
Carvana,Product Analyst,07 Jan 2016
Teach For America,Board Member- DACA Advisory Initiative,07 Jan 2016
Modern Era Educat,ACT and SAT Tutor,07 Jan 2016
Facebook,AI Resident,02 Jan 2016
Meta,Technical Sourcer,02 Jan 2016
Apartment Therapy Media,Assistant Food Editor @ Kitchn ,02 Jan 2016
Easy Metrics Inc.,Data Administrator,02 Jan 2016
UC Irvine,Program Coordinator,02 Jan 2016
University of Georgia College of Pharmacy,Doctoral Graduate Teaching Assistant ,28 Dec 2015
Noble Network of Charter Schools,Learning Specialist,27 Dec 2015
South China Morning Post SCMP,Production Editor,24 Dec 2015
"University of California, San Francisco - School of Medicine",Medical Student,22 Dec 2015
Goldman Sachs,Associate,22 Dec 2015
House of Commons,Parliamentary Intern,22 Dec 2015
The Book Truck,Intern,22 Dec 2015
Accurate Companies ,Accounting Clerk,22 Dec 2015
St. Benedict's Prep School,Senior Director of Advancement,07 Dec 2015
Bureau of Land Management,"Assessment, Inventory, and Monitoring Field Technician",16 Nov 2015
CrowdStrike,Intelligence Analyst,16 Nov 2015
MediaMath,Site Reliability Engineer I,16 Nov 2015
Uplift Education,Manager of College Access,16 Nov 2015
MMIT (Managed Markets Insight & Technology),Data Research Analyst,16 Nov 2015
Syracuse University - Maxwell School,Doctoral Student,06 Nov 2015
"Glossier, Inc.",Editor,02 Nov 2015
Microsoft,Program Manager II,27 Oct 2015
Hatch,Senior Economic Analyst,27 Oct 2015
"BAD ROBOT PRODUCTIONS, INC",Television Assistant,12 Oct 2015
SillonBlue Technologies,Co-Founder & CEO,26 Sep 2015
Ortho Clinical Diagnostics,Senior Statistician,25 Sep 2015
The Smidt Foundation,Program Coordinator,25 Sep 2015
Uber,Software Engineer,25 Sep 2015
McKinsey & Company,Business Analyst,24 Sep 2015
Deloitte,Human Capital Consultant,11 Sep 2015
Google,Software Engineer,11 Sep 2015
Flipgrid,Product Manager,11 Sep 2015
The Lundquist Institute for Biomedical Innovation at Harbor-UCLA Medical Center,"AVP, Development",06 Sep 2015
Inner City Law Center,Tenant Defense Fellow,03 Sep 2015
Pomona College,Library Proctor,31 Aug 2015
Secret Society Motion Pictures,Intern,30 Aug 2015
Comp Sci High,Director of Computer Science,28 Aug 2015
Cyber-Physical Systems Research Group,Data Science Researcher,26 Aug 2015
Cornerstone Research,Research Associate,25 Aug 2015
University of Pennsylvania,Institute of Education Sciences (IES) Pre-doctoral Fellow,19 Aug 2015
MITRE,Intermediate Space Systems Engineer,19 Aug 2015
U.S. House of Representatives,Senior Legislative Assistant for Climate ,19 Aug 2015
YouthWorks,Area Director,14 Aug 2015
Google,User Experience Researcher,14 Aug 2015
Marguerite Casey Foundation,Creative & Storytelling Partner,11 Aug 2015
SLAC National Accelerator Laboratory,Researcher PHD Student,09 Aug 2015
Amazon,"Senior Program Manager, Alexa Mobile",07 Aug 2015
Success Academy Charter Schools,Education Coordinator,07 Aug 2015
The North Ward Center,Family Success Center Director,07 Aug 2015
American Bar Association,Program Associate,05 Aug 2015
Tenants' Rights Workshop,Student Advocate,02 Aug 2015
University of Washington,Research And Teaching Assistant,02 Aug 2015
"URBAN HEALTH PLAN, INC.",Performance Management Specialist,02 Aug 2015
The Great Escape Room,Room Monitor,02 Aug 2015
American Marketing Association,"Assistant Manager, Academic Communities ",23 Jul 2015
St. Benedict's Prep School,Headmaster,22 Jul 2015
Spurwink,Education Technician / Behavioral Health Professional,21 Jul 2015
Gilead Sciences,"Research Associate, Medicinal Chemistry",21 Jul 2015
Family First Life,Life Insurance Agent,15 Jul 2015
JPMorgan Chase & Co.,"Vice President , Area Product Owner, Lending Innovation",09 Jul 2015
Northwestern University,Graduate Student,03 Jul 2015
Goldman Sachs,Associate,02 Jul 2015
Lyft,Software Engineer,01 Jul 2015
American Indian Law Alliance,Research & Policy Adviser,28 Jun 2015
Bilisummaa (Freedom),Founder | Executive Director ,27 Jun 2015
Pomona College,Mathematics Department Mentor,27 Jun 2015
University of California,Graduate Research And Teaching Assistant,27 Jun 2015
Twelve Music Group,Intern,19 Jun 2015
Self Employed,Consultant,17 Jun 2015
Baptist Health,Registered Nurse,16 Jun 2015
Pomona College,Student Caller,15 Jun 2015
The Claremont Colleges Services,"Dean, Student Affairs",12 Jun 2015
PwC,M&A Advisory Senior Associate,09 Jun 2015
The Criterion Collection,Channel Sales,09 Jun 2015
Booz Allen Hamilton,Cloud Full-Stack Software Engineer,09 Jun 2015
Zillow,"Product Manager, Analytics",07 Jun 2015
Cornell Johnson Graduate School of Management,MBA Candidate,02 Jun 2015
New Era Cap,Photographer / Director / Videographer,02 Jun 2015
Noble Schools,Junior College Seminar Teacher and College Counselor,02 Jun 2015
Valley Youth House,Retention Specialist,01 Jun 2015
Facebook,"Data Scientist, Analytics",29 May 2015
WordPress VIP,Enterprise Account Executive,29 May 2015
Lyte,"Associate Strategist, Business Intelligence & Strategy",28 May 2015
Vera Institute of Justice,Program Analyst II,27 May 2015
Harvard University Graduate School of Design,Graduate Student,27 May 2015
Seattle University School of Law,Law Student,26 May 2015
Real Staffing,"Executive Consultant - Head of Clinical Operations, East Coast",22 May 2015
Analog Cyn,Small Business Owner,20 May 2015
Center for an Urban Future,Data Researcher,19 May 2015
Luminor Group,Compliance Analyst (Transformation & Analytics Department),19 May 2015
Kellogg Company,"Manager, Category Strategy",19 May 2015
Pomona College,Clerical Assistant,09 May 2015
Management Leadership for Tomorrow,"Senior Associate, Ascend",06 May 2015
AIG,DEI Consultant,06 May 2015
Indigov,Associate Content Strategist,03 May 2015
Chaffey College,Adjunct Professor,03 May 2015
Wieden + Kennedy,Brand Strategist,03 May 2015
Tutoring by Cortney,Private Tutor,27 Apr 2015
Cambridge Judge Business School,MBA Candidate,23 Apr 2015
Equinix,Senior IT Communications Specialist,23 Apr 2015
Pomona College,Chair and Professor of Politics,21 Apr 2015
KIPP Foundation,8th STEM @ KIPP Bay Area ,16 Apr 2015
Windsor Mill Middle School,8th Grade Science Teacher,15 Apr 2015
Lockheed Martin,Software Engineer,14 Apr 2015
Louis Vuitton,Team Manager,11 Apr 2015
RevitGods,Founder | CEO,09 Apr 2015
OneGoal,Director of New Secondary Partnerships,08 Apr 2015
St. Benedict's Prep School,Leadership Gifts Officer,08 Apr 2015
Medicalwriters.com,Project coordinator,08 Apr 2015
Proof of Impact,Head of Data Solutions,06 Apr 2015
"CC Industries, Inc.",Associate,06 Apr 2015
BCW Global,VP Digital Innovation Group,03 Apr 2015
St. Benedict's Prep School,Assistant Headmaster,23 Mar 2015
"TRC Companies, Inc.",Project Scientist,22 Mar 2015
Massachusetts General Hospital,"Clinical Research Coordinator, Medical Practice Evaluation Center",18 Mar 2015
Boston Consulting Group (BCG),Associate,16 Mar 2015
Pomona College,Undergraduate Research Assistant,13 Mar 2015
FWD.us,Product Manager,13 Mar 2015
Pressed,UX/UI Designer,11 Mar 2015
Fisher Investments,New Employee Onboarding Associate,11 Mar 2015
Yale School of Medicine,Student,11 Mar 2015
OBA Consulting,Business Analyst,05 Mar 2015
Princeton University,"Assistant Director, Gender + Sexuality Resource Center",02 Mar 2015
Association of Schools and Programs of Public Health,Enhancing the Public Health Informatics Workforce Fello,02 Mar 2015
Adventist Health Glendale,Family Medicine Resident Physician,01 Mar 2015
Walt Disney Television,"Coordinator, ABC Comedy Development",28 Feb 2015
Rush University Medical Center,Resident Physician in Orthopaedic Surgery ,27 Feb 2015
UI Health,Family Medicine Medical Scribe Ambassador,27 Feb 2015
University of Washington Medical Center,Research Assistant,25 Feb 2015
University of Washington - School of Medicine,M.D. Candidate,24 Feb 2015
Texas A&M University College of Engineering,Student Coordinator,24 Feb 2015
Fatima for State Assembly 2020,Policy & Communications Director,23 Feb 2015
UCSF Weill Institute for Neurosciences,Research Assistant,23 Feb 2015
Upwork,Freelance Graphic Designer,23 Feb 2015
Professional Physical Therapy,Doctor Of Physical Therapy,20 Feb 2015
Handshake,Customer Success Manager,20 Feb 2015
St. Benedict's Prep School,Director of Technology,19 Feb 2015
"Dan’s Music Studio, LLC",Consultant,19 Feb 2015
Zurich North America,Latent & Environmental Claims Professional,18 Feb 2015
W Magazine,Lead Accessories Assistant,16 Feb 2015
NRT,"Operations Coordinator, Lead Generation Operations",16 Feb 2015
AirServ Corp,Lead,16 Feb 2015
"Stacy and Witbeck, Inc.",Field Engineer,14 Feb 2015
"University of California, Davis",PhD Candidate in Social-Personality Psychology,13 Feb 2015
Harris Williams & Co.,Investment Banking Analyst,11 Feb 2015
"Maune Raichle Hartley French & Mudd, LLC",Paralegal,10 Feb 2015
MEMPHIS RISE ACADEMY INC,Founding 9th Grade Mathematics Teacher,10 Feb 2015
EY,Transfer Pricing,09 Feb 2015
Cliffco Mortgage Bankers,Mortgage Loan Officer,09 Feb 2015
Kaiser Permanente,Clinical Research Associate,08 Feb 2015
Asana,Software Engineer,07 Feb 2015
University of Utah School of Medicine,"Clinical Research Coordinator, Headache Division, Department of Neurology					",07 Feb 2015
Goldman Sachs,Associate,06 Feb 2015
Associated Students of Pomona College,Board of Trustees Student Affairs Committee Representative,01 Feb 2015
The Johns Hopkins University,Graduate Research Assistant,31 Jan 2015
Patients & Purpose,Account Executive,31 Jan 2015
Insperity,"Performance Specialist, Client Training & Development Specialist",28 Jan 2015
Presidents' Alliance on Higher Education and Immigration,Executive Director,27 Jan 2015
Peloton Interactive,Senior Product Manager,27 Jan 2015
Lexperian Consulting LLC,Chief Coach & Consultant,26 Jan 2015
Better,Operations Coordinator,25 Jan 2015
PwC,Product Management - Senior Associate,25 Jan 2015
Jane Street,Trading Desk Operations,23 Jan 2015
Forum Technology Solutions,Technician,23 Jan 2015
Baron Financial Group,Financial Advisor,23 Jan 2015
PGIM Fixed Income," Senior Investment Ops Associate, Derivative Confims - Swaps",23 Jan 2015
Amazon,Amazon 4 Star Retailer,22 Jan 2015
TutorOcean,Organic Chemistry Tutor,21 Jan 2015
160over90,Senior Strategist,21 Jan 2015
Rutgers University–New Brunswick,Student Services,17 Jan 2015
Princeton University,Presidential Postdoctoral Research Fellow,16 Jan 2015
St. Benedict's Prep School,"Physics Teacher, Head Fencing Coach",16 Jan 2015
St. Benedict's Prep School,Dean of Freshmen,15 Jan 2015
REGENXBIO Inc.,"Senior Manager, Pricing & Market Access",14 Jan 2015
Interfaith Youth Core,Program Manager,14 Jan 2015
MRC,Research Manager,13 Jan 2015
Day One Project,Science and Technology Policy Analyst,13 Jan 2015
"Lewis, Marenstein, Wicke, Sherwin, & Lee, LLP",Trial Attorney,13 Jan 2015
MIT Teaching + Learning Lab ,Teaching Development Fellow,13 Jan 2015
International Refugee Assistance Project,"Legal Assistant, US Legal Services Team & Litigation Team",12 Jan 2015
Tesla,Finance Operations Regional Manager,12 Jan 2015
Verizon,"Manager, Marketing Technology",12 Jan 2015
"TRC Companies, Inc.",Energy Efficiency Outreach Manager,12 Jan 2015
Salesforce,"Account Executive, Financial Services GRB",11 Jan 2015
WestEd,Program Assistant,11 Jan 2015
Alpha Phi Alpha Fraternity,Brother,10 Jan 2015
Brick City Rowing,President / Co-Founder,10 Jan 2015
Popeyes Louisiana Kitchen,District Operations Manager,10 Jan 2015
Prudential Financial,"Market Lead, Black Consumer Initiative",09 Jan 2015
Honeycomb Credit,Head Of Marketing,09 Jan 2015
Round Rock ISD,Mathematics Teacher,09 Jan 2015
Scotiabank,Deputy Chief Auditor- US,09 Jan 2015
The University of Chicago,Implementation Manager,09 Jan 2015
St. Benedict's Prep School,Math Department Chair,08 Jan 2015
Stripe,"Technical Account Manager, Global and Strategic Accounts",08 Jan 2015
EU DisinfoLab,Policy Coordinator,08 Jan 2015
The Arcadian,Cook,08 Jan 2015
Kairos Society,Entrepreneurship Fellow,07 Jan 2015
MANGO,Assistant Operations Manager,07 Jan 2015
DGL Group LLC,Graphic Designer,07 Jan 2015
Oatly,Senior Manager of Trade Planning & Business Analytics,07 Jan 2015
Prime Clerk,Senior Advisor,06 Jan 2015
"Unlimited Capital Advisors, LLC",Founder & CEO,06 Jan 2015
Jersey Art Exchange,Executive Director,06 Jan 2015
Civics Unplugged,Co-Founder + CEO,06 Jan 2015
Exyn Technologies,Software Quality Assurance Engineer,05 Jan 2015
Salas O'Brien,Technology Engineer,05 Jan 2015
Airtable,Customer Success Strategy & Operations,05 Jan 2015
Autohaus of irvington ,Lot Manager & Sales Rep,05 Jan 2015
LUX WEALTH PLANNING,Founder & CEO ,05 Jan 2015
Rook x Raven,Shop Manager ,05 Jan 2015
ManpowerGroup,Client Account Director,05 Jan 2015
self,Writer,05 Jan 2015
U.S. Courts,Federal Judicial Law Clerk,05 Jan 2015
Atlantic Health System,Patient Transfer Agent,05 Jan 2015
"University of California, Los Angeles",Doctoral Student & Researcher,05 Jan 2015
Truman Scholars Association,Board Member,05 Jan 2015
University of Minnesota,Graduate Assistant,05 Jan 2015
ASCAP,"Communications and Operations Manager, ASCAP Foundation",29 Dec 2014
Blackstock & Weber,Director Of Operations,29 Dec 2014
Suma Scripts,"Founder, Chief Executive Officer",26 Dec 2014
Macy's,Sales Associate,25 Dec 2014
Colorado Rockies,Scout / Scout Operations Administrator ,21 Dec 2014
ZOLL Medical Corporation,Field Reimbursement Specialist,19 Dec 2014
Diasporic Group,Founder and Managing Director,19 Dec 2014
St. Benedict's Prep School,Big Bee - Director of the Backpacking Project,15 Dec 2014
United States Bankruptcy Court,Case Administrator,11 Dec 2014
Clarivate Analytics (Compumark),"Research Analyst, Clarivate Analytics",06 Dec 2014
Freelance,Independent Consultant,06 Dec 2014
Southeast Asians RISE,Founder & Program Coordinator,06 Dec 2014
Stealth,Co-Founder,06 Dec 2014
U.S. Department of State,Fulbright Grantee,05 Dec 2014
Charlotte-Mecklenburg Schools,Senior Financial Administrative Assistant/Data Manager,05 Dec 2014
Bloomberg Associates,Project Manager,01 Dec 2014
Coastal College Counseling  www.coastal-college.com,"Founder, Independent College Counselor",20 Nov 2014
"Daiichi Sankyo, Inc.",Senior Analyst - Global Business Strategy & Analytics - Oncology Business Unit,15 Nov 2014
D&I Fitness ,Personal Trainer,15 Nov 2014
Walser Automotive Group,Auction Specialist,07 Nov 2014
GP Investments,Analyst,05 Nov 2014
Pomona College,Associate Director of Preprofessional Programs & Prelaw Advisor,04 Nov 2014
Lenahan Coaching,"Owner, Business Coach",02 Nov 2014
Freedom Mortgage,"Valuation Analyst, Capital Markets MSR ",02 Nov 2014
Brown Brothers Harriman,Vice President Storage Administrator ,29 Oct 2014
United States Senate,Congressional Aide to US Senator Cory Booker,29 Oct 2014
Tutor Visions LLC ,Owner,26 Oct 2014
Maxon Auto Group,Salesmen ,20 Oct 2014
American Conference on Diversity,Trainer,20 Oct 2014
St. Benedict's Prep School,Journalism teacher,20 Oct 2014
Flowship,Founder,20 Oct 2014
Shorinjiryu Kenryukan Karatedo,Martial Arts Instructor,19 Oct 2014
"NAACP Legal Defense and Educational Fund, Inc.",Notre Dame Public Interest Law Fellow,19 Oct 2014
"Aledade, Inc.","Senior Product Analyst, Business Intelligence",18 Oct 2014
Proskauer Rose LLP,Law Clerk,18 Oct 2014
United States Marine Corps,Naval Aviator,18 Oct 2014
NYU Langone Health,Research Fellow,16 Oct 2014
Young Audiences/Arts for Learning Maryland,Program & School Relationship Coordinator,16 Oct 2014
Revel Impact,Founder,16 Oct 2014
L'Oréal,Human Resources Director,16 Oct 2014
Jillian Hubbard Consulting,Founder & Principal,15 Oct 2014
ActiveMinds Realty Investment Funding LLC,Chief Executive Officer,15 Oct 2014
St. Benedict's Preparatory School,Annual Giving Officer,15 Oct 2014
Phillips 66,"IT Business Analyst, Lubricants and Specialty Chemicals",15 Oct 2014
USA Gymnastics,Gymnastics Instructor,15 Oct 2014
Schools That Can,Executive Director Newark,15 Oct 2014
St. Benedict's Preparatory School,Director of Annual Giving,15 Oct 2014
Pomona College,Senior Associate Dean of the College ,15 Oct 2014
Pomona College,Summer Events and Conferences Assistant,15 Oct 2014
Bari Katz Consulting,"Social Justice Educator, Curriculum Desiger, Facilitator",14 Oct 2014
US Environmental Protection Agency (EPA),"Public Affairs Specialist - Pathways Intern, Region 9",14 Oct 2014
Pomona College,John Sutton Miner Professor of History and Professor of Classics,14 Oct 2014
Horizon Blue Cross Blue Shield of New Jersey,Senior Business Analyst,14 Oct 2014
